{
  "__type__": "cc.SpriteFrame",
  "content": {
    "name": "tishi",
    "atlas": "",
    "rect": {
      "x": 2,
      "y": 2,
      "width": 339,
      "height": 145
    },
    "offset": {
      "x": 0,
      "y": 0
    },
    "originalSize": {
      "width": 343,
      "height": 149
    },
    "rotated": false,
    "capInsets": [
      0,
      0,
      0,
      0
    ],
    "vertices": {
      "rawPosition": [
        -169.5,
        -72.5,
        0,
        169.5,
        -72.5,
        0,
        -169.5,
        72.5,
        0,
        169.5,
        72.5,
        0
      ],
      "indexes": [
        0,
        1,
        2,
        2,
        1,
        3
      ],
      "uv": [
        2,
        147,
        341,
        147,
        2,
        2,
        341,
        2
      ],
      "nuv": [
        0.0058309037900874635,
        0.013422818791946308,
        0.9941690962099126,
        0.013422818791946308,
        0.0058309037900874635,
        0.9865771812080537,
        0.9941690962099126,
        0.9865771812080537
      ],
      "minPos": {
        "x": -169.5,
        "y": -72.5,
        "z": 0
      },
      "maxPos": {
        "x": 169.5,
        "y": 72.5,
        "z": 0
      }
    },
    "texture": "46480588-20d4-498d-9959-b748e6767b07@6c48a",
    "packable": true,
    "pixelsToUnit": 100,
    "pivot": {
      "x": 0.5,
      "y": 0.5
    },
    "meshType": 0
  }
}