{
  "__type__": "cc.SpriteFrame",
  "content": {
    "name": "shoot",
    "atlas": "",
    "rect": {
      "x": 16,
      "y": 16,
      "width": 803,
      "height": 238
    },
    "offset": {
      "x": 1.5,
      "y": -7
    },
    "originalSize": {
      "width": 832,
      "height": 256
    },
    "rotated": false,
    "capInsets": [
      0,
      0,
      0,
      0
    ],
    "vertices": {
      "rawPosition": [
        -401.5,
        -119,
        0,
        401.5,
        -119,
        0,
        -401.5,
        119,
        0,
        401.5,
        119,
        0
      ],
      "indexes": [
        0,
        1,
        2,
        2,
        1,
        3
      ],
      "uv": [
        16,
        240,
        819,
        240,
        16,
        2,
        819,
        2
      ],
      "nuv": [
        0.019230769230769232,
        0.0078125,
        0.984375,
        0.0078125,
        0.019230769230769232,
        0.9375,
        0.984375,
        0.9375
      ],
      "minPos": {
        "x": -401.5,
        "y": -119,
        "z": 0
      },
      "maxPos": {
        "x": 401.5,
        "y": 119,
        "z": 0
      }
    },
    "texture": "7ed47445-394e-4643-a898-81781edb63b5@6c48a",
    "packable": true,
    "pixelsToUnit": 100,
    "pivot": {
      "x": 0.5,
      "y": 0.5
    },
    "meshType": 0
  }
}