{
  "__type__": "cc.SpriteFrame",
  "content": {
    "name": "bmfont",
    "atlas": "",
    "rect": {
      "x": 1,
      "y": 1,
      "width": 167,
      "height": 164
    },
    "offset": {
      "x": 0,
      "y": 0
    },
    "originalSize": {
      "width": 169,
      "height": 166
    },
    "rotated": false,
    "capInsets": [
      0,
      0,
      0,
      0
    ],
    "vertices": {
      "rawPosition": [
        -83.5,
        -82,
        0,
        83.5,
        -82,
        0,
        -83.5,
        82,
        0,
        83.5,
        82,
        0
      ],
      "indexes": [
        0,
        1,
        2,
        2,
        1,
        3
      ],
      "uv": [
        1,
        165,
        168,
        165,
        1,
        1,
        168,
        1
      ],
      "nuv": [
        0.005917159763313609,
        0.006024096385542169,
        0.9940828402366864,
        0.006024096385542169,
        0.005917159763313609,
        0.9939759036144579,
        0.9940828402366864,
        0.9939759036144579
      ],
      "minPos": {
        "x": -83.5,
        "y": -82,
        "z": 0
      },
      "maxPos": {
        "x": 83.5,
        "y": 82,
        "z": 0
      }
    },
    "texture": "6f8f0432-69b2-49fb-9657-6c80fa483feb@6c48a",
    "packable": true,
    "pixelsToUnit": 100,
    "pivot": {
      "x": 0.5,
      "y": 0.5
    },
    "meshType": 0
  }
}