{
  "__type__": "cc.SpriteFrame",
  "content": {
    "name": "combat_idle",
    "atlas": "",
    "rect": {
      "x": 19,
      "y": 16,
      "width": 91,
      "height": 238
    },
    "offset": {
      "x": 0.5,
      "y": -7
    },
    "originalSize": {
      "width": 128,
      "height": 256
    },
    "rotated": false,
    "capInsets": [
      0,
      0,
      0,
      0
    ],
    "vertices": {
      "rawPosition": [
        -45.5,
        -119,
        0,
        45.5,
        -119,
        0,
        -45.5,
        119,
        0,
        45.5,
        119,
        0
      ],
      "indexes": [
        0,
        1,
        2,
        2,
        1,
        3
      ],
      "uv": [
        19,
        240,
        110,
        240,
        19,
        2,
        110,
        2
      ],
      "nuv": [
        0.1484375,
        0.0078125,
        0.859375,
        0.0078125,
        0.1484375,
        0.9375,
        0.859375,
        0.9375
      ],
      "minPos": {
        "x": -45.5,
        "y": -119,
        "z": 0
      },
      "maxPos": {
        "x": 45.5,
        "y": 119,
        "z": 0
      }
    },
    "texture": "e640209f-982e-4226-b7b6-3125d0929dfe@6c48a",
    "packable": true,
    "pixelsToUnit": 100,
    "pivot": {
      "x": 0.5,
      "y": 0.5
    },
    "meshType": 0
  }
}