{
  "__type__": "cc.SpriteFrame",
  "content": {
    "name": "walk",
    "atlas": "",
    "rect": {
      "x": 17,
      "y": 15,
      "width": 542,
      "height": 239
    },
    "offset": {
      "x": 0,
      "y": -6.5
    },
    "originalSize": {
      "width": 576,
      "height": 256
    },
    "rotated": false,
    "capInsets": [
      0,
      0,
      0,
      0
    ],
    "vertices": {
      "rawPosition": [
        -271,
        -119.5,
        0,
        271,
        -119.5,
        0,
        -271,
        119.5,
        0,
        271,
        119.5,
        0
      ],
      "indexes": [
        0,
        1,
        2,
        2,
        1,
        3
      ],
      "uv": [
        17,
        241,
        559,
        241,
        17,
        2,
        559,
        2
      ],
      "nuv": [
        0.029513888888888888,
        0.0078125,
        0.9704861111111112,
        0.0078125,
        0.029513888888888888,
        0.94140625,
        0.9704861111111112,
        0.94140625
      ],
      "minPos": {
        "x": -271,
        "y": -119.5,
        "z": 0
      },
      "maxPos": {
        "x": 271,
        "y": 119.5,
        "z": 0
      }
    },
    "texture": "a63323bb-f901-486c-822e-43ed6964d801@6c48a",
    "packable": true,
    "pixelsToUnit": 100,
    "pivot": {
      "x": 0.5,
      "y": 0.5
    },
    "meshType": 0
  }
}