{
  "__type__": "cc.SpriteFrame",
  "content": {
    "name": "dzfwhecheng03",
    "atlas": "",
    "rect": {
      "x": 2,
      "y": 2,
      "width": 305,
      "height": 106
    },
    "offset": {
      "x": 0,
      "y": 0
    },
    "originalSize": {
      "width": 309,
      "height": 110
    },
    "rotated": false,
    "capInsets": [
      0,
      0,
      0,
      0
    ],
    "vertices": {
      "rawPosition": [
        -152.5,
        -53,
        0,
        152.5,
        -53,
        0,
        -152.5,
        53,
        0,
        152.5,
        53,
        0
      ],
      "indexes": [
        0,
        1,
        2,
        2,
        1,
        3
      ],
      "uv": [
        2,
        108,
        307,
        108,
        2,
        2,
        307,
        2
      ],
      "nuv": [
        0.006472491909385114,
        0.01818181818181818,
        0.9935275080906149,
        0.01818181818181818,
        0.006472491909385114,
        0.9818181818181818,
        0.9935275080906149,
        0.9818181818181818
      ],
      "minPos": {
        "x": -152.5,
        "y": -53,
        "z": 0
      },
      "maxPos": {
        "x": 152.5,
        "y": 53,
        "z": 0
      }
    },
    "texture": "bf7baddf-52c1-4ece-8c67-817ca931b50c@6c48a",
    "packable": true,
    "pixelsToUnit": 100,
    "pivot": {
      "x": 0.5,
      "y": 0.5
    },
    "meshType": 0
  }
}