{
  "__type__": "cc.SpriteFrame",
  "content": {
    "name": "hurt",
    "atlas": "",
    "rect": {
      "x": 17,
      "y": 15,
      "width": 355,
      "height": 48
    },
    "offset": {
      "x": 2.5,
      "y": -7
    },
    "originalSize": {
      "width": 384,
      "height": 64
    },
    "rotated": false,
    "capInsets": [
      0,
      0,
      0,
      0
    ],
    "vertices": {
      "rawPosition": [
        -177.5,
        -24,
        0,
        177.5,
        -24,
        0,
        -177.5,
        24,
        0,
        177.5,
        24,
        0
      ],
      "indexes": [
        0,
        1,
        2,
        2,
        1,
        3
      ],
      "uv": [
        17,
        49,
        372,
        49,
        17,
        1,
        372,
        1
      ],
      "nuv": [
        0.044270833333333336,
        0.015625,
        0.96875,
        0.015625,
        0.044270833333333336,
        0.765625,
        0.96875,
        0.765625
      ],
      "minPos": {
        "x": -177.5,
        "y": -24,
        "z": 0
      },
      "maxPos": {
        "x": 177.5,
        "y": 24,
        "z": 0
      }
    },
    "texture": "d7fb71e7-d30f-43e4-bae4-8c08c800aeb4@6c48a",
    "packable": true,
    "pixelsToUnit": 100,
    "pivot": {
      "x": 0.5,
      "y": 0.5
    },
    "meshType": 0
  }
}