{
  "__type__": "cc.SpriteFrame",
  "content": {
    "name": "halfslash",
    "atlas": "",
    "rect": {
      "x": 8,
      "y": 13,
      "width": 363,
      "height": 241
    },
    "offset": {
      "x": -34.5,
      "y": -5.5
    },
    "originalSize": {
      "width": 448,
      "height": 256
    },
    "rotated": false,
    "capInsets": [
      0,
      0,
      0,
      0
    ],
    "vertices": {
      "rawPosition": [
        -181.5,
        -120.5,
        0,
        181.5,
        -120.5,
        0,
        -181.5,
        120.5,
        0,
        181.5,
        120.5,
        0
      ],
      "indexes": [
        0,
        1,
        2,
        2,
        1,
        3
      ],
      "uv": [
        8,
        243,
        371,
        243,
        8,
        2,
        371,
        2
      ],
      "nuv": [
        0.017857142857142856,
        0.0078125,
        0.828125,
        0.0078125,
        0.017857142857142856,
        0.94921875,
        0.828125,
        0.94921875
      ],
      "minPos": {
        "x": -181.5,
        "y": -120.5,
        "z": 0
      },
      "maxPos": {
        "x": 181.5,
        "y": 120.5,
        "z": 0
      }
    },
    "texture": "2c1b6d4c-bee5-4568-880f-ecc4b0ca162e@6c48a",
    "packable": true,
    "pixelsToUnit": 100,
    "pivot": {
      "x": 0.5,
      "y": 0.5
    },
    "meshType": 0
  }
}