{
  "__type__": "cc.SpriteFrame",
  "content": {
    "name": "yuan1",
    "atlas": "",
    "rect": {
      "x": 1,
      "y": 1,
      "width": 453,
      "height": 450
    },
    "offset": {
      "x": 0,
      "y": 0
    },
    "originalSize": {
      "width": 455,
      "height": 452
    },
    "rotated": false,
    "capInsets": [
      0,
      0,
      0,
      0
    ],
    "vertices": {
      "rawPosition": [
        -226.5,
        -225,
        0,
        226.5,
        -225,
        0,
        -226.5,
        225,
        0,
        226.5,
        225,
        0
      ],
      "indexes": [
        0,
        1,
        2,
        2,
        1,
        3
      ],
      "uv": [
        1,
        451,
        454,
        451,
        1,
        1,
        454,
        1
      ],
      "nuv": [
        0.002197802197802198,
        0.0022123893805309734,
        0.9978021978021978,
        0.0022123893805309734,
        0.002197802197802198,
        0.9977876106194691,
        0.9978021978021978,
        0.9977876106194691
      ],
      "minPos": {
        "x": -226.5,
        "y": -225,
        "z": 0
      },
      "maxPos": {
        "x": 226.5,
        "y": 225,
        "z": 0
      }
    },
    "texture": "d9bfdc99-62db-4b88-8dd4-953fbd8ae41a@6c48a",
    "packable": true,
    "pixelsToUnit": 100,
    "pivot": {
      "x": 0.5,
      "y": 0.5
    },
    "meshType": 0
  }
}