{
  "__type__": "cc.SpriteFrame",
  "content": {
    "name": "caidai",
    "atlas": "",
    "rect": {
      "x": 2,
      "y": 2,
      "width": 145,
      "height": 42
    },
    "offset": {
      "x": 0,
      "y": 0
    },
    "originalSize": {
      "width": 149,
      "height": 46
    },
    "rotated": false,
    "capInsets": [
      0,
      0,
      0,
      0
    ],
    "vertices": {
      "rawPosition": [
        -72.5,
        -21,
        0,
        72.5,
        -21,
        0,
        -72.5,
        21,
        0,
        72.5,
        21,
        0
      ],
      "indexes": [
        0,
        1,
        2,
        2,
        1,
        3
      ],
      "uv": [
        2,
        44,
        147,
        44,
        2,
        2,
        147,
        2
      ],
      "nuv": [
        0.013422818791946308,
        0.043478260869565216,
        0.9865771812080537,
        0.043478260869565216,
        0.013422818791946308,
        0.9565217391304348,
        0.9865771812080537,
        0.9565217391304348
      ],
      "minPos": {
        "x": -72.5,
        "y": -21,
        "z": 0
      },
      "maxPos": {
        "x": 72.5,
        "y": 21,
        "z": 0
      }
    },
    "texture": "72892be3-b33f-4a06-9cbb-a3315238574f@6c48a",
    "packable": true,
    "pixelsToUnit": 100,
    "pivot": {
      "x": 0.5,
      "y": 0.5
    },
    "meshType": 0
  }
}