{
  "__type__": "cc.SpriteFrame",
  "content": {
    "name": "idle",
    "atlas": "",
    "rect": {
      "x": 17,
      "y": 15,
      "width": 94,
      "height": 239
    },
    "offset": {
      "x": 0,
      "y": -6.5
    },
    "originalSize": {
      "width": 128,
      "height": 256
    },
    "rotated": false,
    "capInsets": [
      0,
      0,
      0,
      0
    ],
    "vertices": {
      "rawPosition": [
        -47,
        -119.5,
        0,
        47,
        -119.5,
        0,
        -47,
        119.5,
        0,
        47,
        119.5,
        0
      ],
      "indexes": [
        0,
        1,
        2,
        2,
        1,
        3
      ],
      "uv": [
        17,
        241,
        111,
        241,
        17,
        2,
        111,
        2
      ],
      "nuv": [
        0.1328125,
        0.0078125,
        0.8671875,
        0.0078125,
        0.1328125,
        0.94140625,
        0.8671875,
        0.94140625
      ],
      "minPos": {
        "x": -47,
        "y": -119.5,
        "z": 0
      },
      "maxPos": {
        "x": 47,
        "y": 119.5,
        "z": 0
      }
    },
    "texture": "5dce4039-da36-4ead-bb04-b15a00acba19@6c48a",
    "packable": true,
    "pixelsToUnit": 100,
    "pivot": {
      "x": 0.5,
      "y": 0.5
    },
    "meshType": 0
  }
}