{
  "__type__": "cc.SpriteFrame",
  "content": {
    "name": "climb",
    "atlas": "",
    "rect": {
      "x": 20,
      "y": 11,
      "width": 346,
      "height": 51
    },
    "offset": {
      "x": 1,
      "y": -4.5
    },
    "originalSize": {
      "width": 384,
      "height": 64
    },
    "rotated": false,
    "capInsets": [
      0,
      0,
      0,
      0
    ],
    "vertices": {
      "rawPosition": [
        -173,
        -25.5,
        0,
        173,
        -25.5,
        0,
        -173,
        25.5,
        0,
        173,
        25.5,
        0
      ],
      "indexes": [
        0,
        1,
        2,
        2,
        1,
        3
      ],
      "uv": [
        20,
        53,
        366,
        53,
        20,
        2,
        366,
        2
      ],
      "nuv": [
        0.052083333333333336,
        0.03125,
        0.953125,
        0.03125,
        0.052083333333333336,
        0.828125,
        0.953125,
        0.828125
      ],
      "minPos": {
        "x": -173,
        "y": -25.5,
        "z": 0
      },
      "maxPos": {
        "x": 173,
        "y": 25.5,
        "z": 0
      }
    },
    "texture": "b3058785-a2bf-491f-862a-449487c264e8@6c48a",
    "packable": true,
    "pixelsToUnit": 100,
    "pivot": {
      "x": 0.5,
      "y": 0.5
    },
    "meshType": 0
  }
}