{
  "__type__": "cc.SpriteFrame",
  "content": {
    "name": "baoxiang",
    "atlas": "",
    "rect": {
      "x": 2,
      "y": 36,
      "width": 822,
      "height": 788
    },
    "offset": {
      "x": 0,
      "y": -17
    },
    "originalSize": {
      "width": 826,
      "height": 826
    },
    "rotated": false,
    "capInsets": [
      0,
      0,
      0,
      0
    ],
    "vertices": {
      "rawPosition": [
        -411,
        -394,
        0,
        411,
        -394,
        0,
        -411,
        394,
        0,
        411,
        394,
        0
      ],
      "indexes": [
        0,
        1,
        2,
        2,
        1,
        3
      ],
      "uv": [
        2,
        790,
        824,
        790,
        2,
        2,
        824,
        2
      ],
      "nuv": [
        0.002421307506053269,
        0.002421307506053269,
        0.9975786924939467,
        0.002421307506053269,
        0.002421307506053269,
        0.9564164648910412,
        0.9975786924939467,
        0.9564164648910412
      ],
      "minPos": {
        "x": -411,
        "y": -394,
        "z": 0
      },
      "maxPos": {
        "x": 411,
        "y": 394,
        "z": 0
      }
    },
    "texture": "c7ebd916-633d-47c8-a58f-bcedf2530685@6c48a",
    "packable": true,
    "pixelsToUnit": 100,
    "pivot": {
      "x": 0.5,
      "y": 0.5
    },
    "meshType": 0
  }
}