{
  "__type__": "cc.SpriteFrame",
  "content": {
    "name": "slash",
    "atlas": "",
    "rect": {
      "x": 17,
      "y": 16,
      "width": 361,
      "height": 238
    },
    "offset": {
      "x": 5.5,
      "y": -7
    },
    "originalSize": {
      "width": 384,
      "height": 256
    },
    "rotated": false,
    "capInsets": [
      0,
      0,
      0,
      0
    ],
    "vertices": {
      "rawPosition": [
        -180.5,
        -119,
        0,
        180.5,
        -119,
        0,
        -180.5,
        119,
        0,
        180.5,
        119,
        0
      ],
      "indexes": [
        0,
        1,
        2,
        2,
        1,
        3
      ],
      "uv": [
        17,
        240,
        378,
        240,
        17,
        2,
        378,
        2
      ],
      "nuv": [
        0.044270833333333336,
        0.0078125,
        0.984375,
        0.0078125,
        0.044270833333333336,
        0.9375,
        0.984375,
        0.9375
      ],
      "minPos": {
        "x": -180.5,
        "y": -119,
        "z": 0
      },
      "maxPos": {
        "x": 180.5,
        "y": 119,
        "z": 0
      }
    },
    "texture": "e9cd2379-d761-484d-9207-f7d4f32dea5e@6c48a",
    "packable": true,
    "pixelsToUnit": 100,
    "pivot": {
      "x": 0.5,
      "y": 0.5
    },
    "meshType": 0
  }
}