{
  "__type__": "cc.SpriteFrame",
  "content": {
    "name": "emote",
    "atlas": "",
    "rect": {
      "x": 16,
      "y": 14,
      "width": 169,
      "height": 240
    },
    "offset": {
      "x": 4.5,
      "y": -6
    },
    "originalSize": {
      "width": 192,
      "height": 256
    },
    "rotated": false,
    "capInsets": [
      0,
      0,
      0,
      0
    ],
    "vertices": {
      "rawPosition": [
        -84.5,
        -120,
        0,
        84.5,
        -120,
        0,
        -84.5,
        120,
        0,
        84.5,
        120,
        0
      ],
      "indexes": [
        0,
        1,
        2,
        2,
        1,
        3
      ],
      "uv": [
        16,
        242,
        185,
        242,
        16,
        2,
        185,
        2
      ],
      "nuv": [
        0.08333333333333333,
        0.0078125,
        0.9635416666666666,
        0.0078125,
        0.08333333333333333,
        0.9453125,
        0.9635416666666666,
        0.9453125
      ],
      "minPos": {
        "x": -84.5,
        "y": -120,
        "z": 0
      },
      "maxPos": {
        "x": 84.5,
        "y": 120,
        "z": 0
      }
    },
    "texture": "62b29ca3-5b79-4757-aecb-63c2566dbb05@6c48a",
    "packable": true,
    "pixelsToUnit": 100,
    "pivot": {
      "x": 0.5,
      "y": 0.5
    },
    "meshType": 0
  }
}