{
  "__type__": "cc.SpriteFrame",
  "content": {
    "name": "spellcast",
    "atlas": "",
    "rect": {
      "x": 17,
      "y": 16,
      "width": 417,
      "height": 238
    },
    "offset": {
      "x": 1.5,
      "y": -7
    },
    "originalSize": {
      "width": 448,
      "height": 256
    },
    "rotated": false,
    "capInsets": [
      0,
      0,
      0,
      0
    ],
    "vertices": {
      "rawPosition": [
        -208.5,
        -119,
        0,
        208.5,
        -119,
        0,
        -208.5,
        119,
        0,
        208.5,
        119,
        0
      ],
      "indexes": [
        0,
        1,
        2,
        2,
        1,
        3
      ],
      "uv": [
        17,
        240,
        434,
        240,
        17,
        2,
        434,
        2
      ],
      "nuv": [
        0.03794642857142857,
        0.0078125,
        0.96875,
        0.0078125,
        0.03794642857142857,
        0.9375,
        0.96875,
        0.9375
      ],
      "minPos": {
        "x": -208.5,
        "y": -119,
        "z": 0
      },
      "maxPos": {
        "x": 208.5,
        "y": 119,
        "z": 0
      }
    },
    "texture": "1de89bbf-b73b-4e63-b0a7-b134799cd56d@6c48a",
    "packable": true,
    "pixelsToUnit": 100,
    "pivot": {
      "x": 0.5,
      "y": 0.5
    },
    "meshType": 0
  }
}