{
  "__type__": "cc.SpriteFrame",
  "content": {
    "name": "jump",
    "atlas": "",
    "rect": {
      "x": 17,
      "y": 11,
      "width": 294,
      "height": 243
    },
    "offset": {
      "x": 4,
      "y": -4.5
    },
    "originalSize": {
      "width": 320,
      "height": 256
    },
    "rotated": false,
    "capInsets": [
      0,
      0,
      0,
      0
    ],
    "vertices": {
      "rawPosition": [
        -147,
        -121.5,
        0,
        147,
        -121.5,
        0,
        -147,
        121.5,
        0,
        147,
        121.5,
        0
      ],
      "indexes": [
        0,
        1,
        2,
        2,
        1,
        3
      ],
      "uv": [
        17,
        245,
        311,
        245,
        17,
        2,
        311,
        2
      ],
      "nuv": [
        0.053125,
        0.0078125,
        0.971875,
        0.0078125,
        0.053125,
        0.95703125,
        0.971875,
        0.95703125
      ],
      "minPos": {
        "x": -147,
        "y": -121.5,
        "z": 0
      },
      "maxPos": {
        "x": 147,
        "y": 121.5,
        "z": 0
      }
    },
    "texture": "4fa57b53-97b0-48e1-b270-77e0ca0e6b91@6c48a",
    "packable": true,
    "pixelsToUnit": 100,
    "pivot": {
      "x": 0.5,
      "y": 0.5
    },
    "meshType": 0
  }
}