{
  "__type__": "cc.SpriteFrame",
  "content": {
    "name": "sit",
    "atlas": "",
    "rect": {
      "x": 15,
      "y": 15,
      "width": 164,
      "height": 239
    },
    "offset": {
      "x": 1,
      "y": -6.5
    },
    "originalSize": {
      "width": 192,
      "height": 256
    },
    "rotated": false,
    "capInsets": [
      0,
      0,
      0,
      0
    ],
    "vertices": {
      "rawPosition": [
        -82,
        -119.5,
        0,
        82,
        -119.5,
        0,
        -82,
        119.5,
        0,
        82,
        119.5,
        0
      ],
      "indexes": [
        0,
        1,
        2,
        2,
        1,
        3
      ],
      "uv": [
        15,
        241,
        179,
        241,
        15,
        2,
        179,
        2
      ],
      "nuv": [
        0.078125,
        0.0078125,
        0.9322916666666666,
        0.0078125,
        0.078125,
        0.94140625,
        0.9322916666666666,
        0.94140625
      ],
      "minPos": {
        "x": -82,
        "y": -119.5,
        "z": 0
      },
      "maxPos": {
        "x": 82,
        "y": 119.5,
        "z": 0
      }
    },
    "texture": "f8a800e4-6f21-4253-8f05-cd698cfeaf0b@6c48a",
    "packable": true,
    "pixelsToUnit": 100,
    "pivot": {
      "x": 0.5,
      "y": 0.5
    },
    "meshType": 0
  }
}