{
  "__type__": "cc.SpriteFrame",
  "content": {
    "name": "thrust",
    "atlas": "",
    "rect": {
      "x": 17,
      "y": 16,
      "width": 478,
      "height": 238
    },
    "offset": {
      "x": 0,
      "y": -7
    },
    "originalSize": {
      "width": 512,
      "height": 256
    },
    "rotated": false,
    "capInsets": [
      0,
      0,
      0,
      0
    ],
    "vertices": {
      "rawPosition": [
        -239,
        -119,
        0,
        239,
        -119,
        0,
        -239,
        119,
        0,
        239,
        119,
        0
      ],
      "indexes": [
        0,
        1,
        2,
        2,
        1,
        3
      ],
      "uv": [
        17,
        240,
        495,
        240,
        17,
        2,
        495,
        2
      ],
      "nuv": [
        0.033203125,
        0.0078125,
        0.966796875,
        0.0078125,
        0.033203125,
        0.9375,
        0.966796875,
        0.9375
      ],
      "minPos": {
        "x": -239,
        "y": -119,
        "z": 0
      },
      "maxPos": {
        "x": 239,
        "y": 119,
        "z": 0
      }
    },
    "texture": "f3803ebd-3b6f-4c12-8ad7-a966ef23dbc7@6c48a",
    "packable": true,
    "pixelsToUnit": 100,
    "pivot": {
      "x": 0.5,
      "y": 0.5
    },
    "meshType": 0
  }
}