{
  "__type__": "cc.SpriteFrame",
  "content": {
    "name": "run",
    "atlas": "",
    "rect": {
      "x": 17,
      "y": 13,
      "width": 478,
      "height": 242
    },
    "offset": {
      "x": 0,
      "y": -6
    },
    "originalSize": {
      "width": 512,
      "height": 256
    },
    "rotated": false,
    "capInsets": [
      0,
      0,
      0,
      0
    ],
    "vertices": {
      "rawPosition": [
        -239,
        -121,
        0,
        239,
        -121,
        0,
        -239,
        121,
        0,
        239,
        121,
        0
      ],
      "indexes": [
        0,
        1,
        2,
        2,
        1,
        3
      ],
      "uv": [
        17,
        243,
        495,
        243,
        17,
        1,
        495,
        1
      ],
      "nuv": [
        0.033203125,
        0.00390625,
        0.966796875,
        0.00390625,
        0.033203125,
        0.94921875,
        0.966796875,
        0.94921875
      ],
      "minPos": {
        "x": -239,
        "y": -121,
        "z": 0
      },
      "maxPos": {
        "x": 239,
        "y": 121,
        "z": 0
      }
    },
    "texture": "86bfbcbd-a81b-4d06-a7b9-2e028eb1a11c@6c48a",
    "packable": true,
    "pixelsToUnit": 100,
    "pivot": {
      "x": 0.5,
      "y": 0.5
    },
    "meshType": 0
  }
}