{
  "__type__": "cc.SpriteFrame",
  "content": {
    "name": "backslash",
    "atlas": "",
    "rect": {
      "x": 8,
      "y": 15,
      "width": 815,
      "height": 239
    },
    "offset": {
      "x": -0.5,
      "y": -6.5
    },
    "originalSize": {
      "width": 832,
      "height": 256
    },
    "rotated": false,
    "capInsets": [
      0,
      0,
      771,
      186
    ],
    "vertices": {
      "rawPosition": [
        -407.5,
        -119.5,
        0,
        407.5,
        -119.5,
        0,
        -407.5,
        119.5,
        0,
        407.5,
        119.5,
        0
      ],
      "indexes": [
        0,
        1,
        2,
        2,
        1,
        3
      ],
      "uv": [
        8,
        241,
        823,
        241,
        8,
        2,
        823,
        2
      ],
      "nuv": [
        0.009615384615384616,
        0.0078125,
        0.9891826923076923,
        0.0078125,
        0.009615384615384616,
        0.94140625,
        0.9891826923076923,
        0.94140625
      ],
      "minPos": {
        "x": -407.5,
        "y": -119.5,
        "z": 0
      },
      "maxPos": {
        "x": 407.5,
        "y": 119.5,
        "z": 0
      }
    },
    "texture": "12933346-7b46-4d00-a9bf-adf26f31f9b8@6c48a",
    "packable": true,
    "pixelsToUnit": 100,
    "pivot": {
      "x": 0.5,
      "y": 0.5
    },
    "meshType": 0
  }
}